id,file,sha256,source_url,author,license,capture_date,coarse_location,scene_id,role,feature,gold_label,labeller_2,synthetic,faces,notes,label_evidence
ph-bank-01,bank/ph-bank-01.jpg,0e5c8889ae1b49302490f76d625444dd4f3779b48ed2ecd1fb4988e3b3d8655a,https://commons.wikimedia.org/wiki/File:Channelized_Taylor-Massey_Creek.JPG,Atrian ( talk ) ( Uploads ),public-domain,,,commons-file-channelized-taylor-massey-creek-jpg,test,artificial_bank,present,,false,false,Taylor-Massey Creek looking east from Warden Avenue. This part of the creek is encased in a concrete channel.,"Wikimedia Commons file page https://commons.wikimedia.org/wiki/File:Channelized_Taylor-Massey_Creek.JPG. The page says: Taylor-Massey Creek looking east from Warden Avenue. This part of the creek is encased in a concrete channel. Commons categories: Taken with HP PhotoSmart 715, PD-user, Taylor-Massey Creek, July 2005 in Toronto, Files with coordinates missing SDC location of creation, Canada photographs taken on 2005-07-23, Concrete river channels. Caption says the creek is channelized and encased; concrete bed with grassed sides. Subtle: reads as grass banks."
ph-bank-02,bank/ph-bank-02.jpg,c867281470a1366ba92e5957fadba60da7ac1e3cb15814b9f7cf4c55555ee66d,https://commons.wikimedia.org/wiki/File:Concrete_Currents;_The_Tamed_Stream.jpg,Jemir Shamir,CC-BY-SA-4.0,,,commons-file-concrete-currents-the-tamed-stream-,test,artificial_bank,present,,false,false,"The structure has sloped concrete walls leading down to a shallow stream of water that flows gently through the center. The water appears slightly murky, wit...","Wikimedia Commons file page https://commons.wikimedia.org/wiki/File:Concrete_Currents;_The_Tamed_Stream.jpg. The page says: The structure has sloped concrete walls leading down to a shallow stream of water that flows gently through the center. The water appears slightly murky, with small rocks and bits of debris scattered along its path. On the right side, a patch of green vegetation grows along the edge, adding a touch of natural contrast to the otherwise engineered environment. In the background, there are trees, ... Commons categories: Self-published work, Images from Africa Wiki Challenge 2026, Africa Wiki Challenge 2026 - Water for Life in Africa. Caption: sloped concrete walls leadi..."
ph-bank-03,bank/ph-bank-03.jpg,1bf2f6d672acd9541545f742967256f98026a2219ee0e967f2a357cff009141c,https://commons.wikimedia.org/wiki/File:Big_Creek_at_Cleveland_Zoo_01.jpg,Tim Evanson,CC-BY-SA-2.0,,,commons-file-big-creek-at-cleveland-zoo-01-jpg,test,artificial_bank,absent,,false,false,"Big Creek flows through a portion of the Cleveland Zoo, one of the Cleveland Metroparks in Cleveland, Ohio, in the United States. Big Creek is the third-larg...","Wikimedia Commons file page https://commons.wikimedia.org/wiki/File:Big_Creek_at_Cleveland_Zoo_01.jpg. The page says: Big Creek flows through a portion of the Cleveland Zoo, one of the Cleveland Metroparks in Cleveland, Ohio, in the United States. Big Creek is the third-largest tributary of the lower Cuyahoga River watershed (consisting of Cuyahoga, Portage, and Summit counties). It is 12 miles long and drains 39 square miles. Running through the municipalities of Brook Park, Brooklyn, Cleveland, Linndale, Nor... Commons categories: Big Creek (Cuyahoga River), Flickr images reviewed by FlickreviewR 2. Natural shale cliff bank on Big Creek. Look-alike: the rock face reads as a wall."
ph-bank-04,bank/ph-bank-04.jpg,d9abcd25b7199f4b7ff72e43975ba9071a2fe1ace5aecc1a105bf300f6b118ea,"https://commons.wikimedia.org/wiki/File:Eroded_stream_bank,_Red_Beck_-_geograph.org.uk_-_6424965.jpg",Humphrey Bolton,CC-BY-SA-2.0,,,commons-file-eroded-stream-bank-red-beck-geograp,test,artificial_bank,absent,,false,false,"Eroded stream bank, Red Beck","Wikimedia Commons file page https://commons.wikimedia.org/wiki/File:Eroded_stream_bank,_Red_Beck_-_geograph.org.uk_-_6424965.jpg. The page says: Eroded stream bank, Red Beck Commons categories: Images from Geograph Britain and Ireland, Effects of erosion in England, Hove Edge, West Yorkshire, Red Beck, Calderdale. Geograph caption: eroded stream bank, Red Beck. Natural, messy, fallen wood."
ph-bank-05,bank/ph-bank-05.jpg,57463dbd596cccdceb2777f250aca5e4340ebee7417d8e81d923626cf42981f1,https://commons.wikimedia.org/wiki/File:Bell_Creek.jpg,Laurie Avocado,CC-BY-2.0,,,commons-file-bell-creek-jpg,lesson,artificial_bank,present,,false,false,"Bell Creek in channelized eastern section, looking upstream (west) from Topanga Canyon Boulevard in Canoga Park within the western San Fernando Valley, Los A...","Wikimedia Commons file page https://commons.wikimedia.org/wiki/File:Bell_Creek.jpg. The page says: Bell Creek in channelized eastern section, looking upstream (west) from Topanga Canyon Boulevard in Canoga Park within the western San Fernando Valley, Los Angeles. Location is a long block west of the official start of the Los Angeles River , at Bell's confluence with Calabasas Creek. Commons categories: Simi Hills, 2009 in Los Angeles, Geography of Los Angeles, Canoga Park, Los Angeles, Tributaries of the Los Angeles River, Creeks in California, February 2009 in California, Chain-link fences in California, Flickr images reviewed by FlickreviewR, Files with coordinates missing SDC location ..."
ph-bank-06,bank/ph-bank-06.jpg,370f318a5ca4a4f4b60aada8740bd98de1d8ba772ff20d3f450a67b3fd9894d7,"https://commons.wikimedia.org/wiki/File:Afon_Annell_and_eroded_bank,_Llanegwad_-_geograph.org.uk_-_6309363.jpg",Humphrey Bolton,CC-BY-SA-2.0,,,commons-file-afon-annell-and-eroded-bank-llanegw,lesson,artificial_bank,absent,,false,false,"Afon Annell and eroded bank, Llanegwad","Wikimedia Commons file page https://commons.wikimedia.org/wiki/File:Afon_Annell_and_eroded_bank,_Llanegwad_-_geograph.org.uk_-_6309363.jpg. The page says: Afon Annell and eroded bank, Llanegwad Commons categories: Abergwili, Images from Geograph Britain and Ireland. Geograph caption: Afon Annell and eroded bank. Natural earth bank. Pairs with Bell Creek."
ph-bank-07,bank/ph-bank-07.jpg,833fa1a7b69104539a0a9be54e9caf9a4f143f024f47cdd0dc8608461b0bd7fc,https://commons.wikimedia.org/wiki/File:Hale_and_Permanente_Creeks_confluence.jpg,Dicklyon,CC-BY-SA-4.0,,,commons-file-hale-and-permanente-creeks-confluen,lesson,artificial_bank,present,,false,false,"Hale and Permanente Creeks are dry here in August 2019, but when they flow their confluence is here in Los Altos, as viewed from the Mountain View side, off ...","Wikimedia Commons file page https://commons.wikimedia.org/wiki/File:Hale_and_Permanente_Creeks_confluence.jpg. The page says: Hale and Permanente Creeks are dry here in August 2019, but when they flow their confluence is here in Los Altos, as viewed from the Mountain View side, off the end of Valencia Avenue. Permanente Creek (left and foreground) transitions here from a more natural channel to the concrete channel; Hale Creek (right) ends here. Commons categories: Hale Creek, Permanente Creek, Self-published work, Files with coordinates missing SDC location of creation. Caption: Hale and Permanente Creeks confluence, concrete channel, Bay Area. Second contrast pair."
ph-bank-08,bank/ph-bank-08.jpg,2065af6652dcc989a3645e5c74daf42c01f331aa0bb494de87fdd5de706c34b1,https://commons.wikimedia.org/wiki/File:Eroded_bank_on_Whiteknowe_Head_Burn_near_Mollin_south_of_Moffat_-_geograph.org.uk_-_4060008.jpg,ian shiell,CC-BY-SA-2.0,,,commons-file-eroded-bank-on-whiteknowe-head-burn,lesson,artificial_bank,absent,,false,false,Eroded bank on Whiteknowe Head Burn near Mollin south of Moffat,"Wikimedia Commons file page https://commons.wikimedia.org/wiki/File:Eroded_bank_on_Whiteknowe_Head_Burn_near_Mollin_south_of_Moffat_-_geograph.org.uk_-_4060008.jpg. The page says: Eroded bank on Whiteknowe Head Burn near Mollin south of Moffat Commons categories: Johnstone (civil parish), Images from Geograph Britain and Ireland. Geograph caption: eroded bank on Whiteknowe Head Burn. Looks damaged, is natural. Pairs with Hale Creek."
ph-bank-09,bank/ph-bank-09.jpg,1f28ad0f9adc8c38413fd9037ebd6698d4d850ce32ebc139c9564355cb5ed336,"https://commons.wikimedia.org/wiki/File:Iron_Bark_Creek,_Wallsend.jpg",Adamdaley,CC-BY-SA-4.0,,,commons-file-iron-bark-creek-wallsend-jpg,practice,artificial_bank,present,,false,false,"Part of Iron Bark Creek in Wallsend in Newcastle , New South Wales","Wikimedia Commons file page https://commons.wikimedia.org/wiki/File:Iron_Bark_Creek,_Wallsend.jpg. The page says: Part of Iron Bark Creek in Wallsend in Newcastle , New South Wales Commons categories: Self-published work, Unassessed QI candidates, Wallsend, New South Wales. Iron Bark Creek: concrete low-flow channel in a mown reserve."
ph-channel-01,channel/ph-channel-01.jpg,0d18766f372a6e9d110db057089ea87a759feea77aabf3886d2f4fe5b825a72e,https://commons.wikimedia.org/wiki/File:Neuhofen_ad_Krems_Kremsfluss-5958.jpg,Isiwal,CC-BY-SA-4.0,,,commons-file-neuhofen-ad-krems-kremsfluss-5958-j,test,dug_out_channel,present,,false,false,The Krems river is heavily regulated in the Neuhofen and St. Marien area.,"Wikimedia Commons file page https://commons.wikimedia.org/wiki/File:Neuhofen_ad_Krems_Kremsfluss-5958.jpg. The page says: The Krems river is heavily regulated in the Neuhofen and St. Marien area. Commons categories: Sankt Marien, Neuhofen an der Krems, Krems (Traun), Groynes on rivers, Self-published work, Media from WikiDaheim in Austria check done, Water reflections of trees in Upper Austria, Files with coordinates missing SDC location of creation, December 2019 in Austria, Media from WikiDaheim 2020 in Austria/all.... Caption: the Krems river is heavily regulated here. Straight, even banks, same width. Subtle: it looks pretty."
ph-channel-02,channel/ph-channel-02.jpg,ae89ca8420551ec68ef71562a4f23d0d4b77e1eece68cc7f7a5680d2fe586851,"https://commons.wikimedia.org/wiki/File:Canalised_stream_downstream_of_the_lake,_Knebworth_Estate_-_geograph.org.uk_-_6106873.jpg",Humphrey Bolton,CC-BY-SA-2.0,,,commons-file-canalised-stream-downstream-of-the-,test,dug_out_channel,present,,false,false,"Canalised stream downstream of the lake, Knebworth Estate","Wikimedia Commons file page https://commons.wikimedia.org/wiki/File:Canalised_stream_downstream_of_the_lake,_Knebworth_Estate_-_geograph.org.uk_-_6106873.jpg. The page says: Canalised stream downstream of the lake, Knebworth Estate Commons categories: Knebworth, Images from Geograph Britain and Ireland. Geograph caption: canalised stream downstream of the lake, Knebworth Estate. Straight and tree lined."
ph-channel-03,channel/ph-channel-03.jpg,00364a1454677bf87de4f8941a55b9a0c04a56475847a523b461d21f69a1ec52,"https://commons.wikimedia.org/wiki/File:Meandering_Stream,_Barlaston_Downs_(geograph_7038284).jpg",Brian Deegan,CC-BY-SA-2.0,,,commons-file-meandering-stream-barlaston-downs-g,test,dug_out_channel,absent,,false,false,"Meandering Stream, Barlaston Downs","Wikimedia Commons file page https://commons.wikimedia.org/wiki/File:Meandering_Stream,_Barlaston_Downs_(geograph_7038284).jpg. The page says: Meandering Stream, Barlaston Downs Commons categories: Images from Geograph Britain and Ireland, Stone Rural, Information field template with formatting, Streams in Staffordshire, Media needing category review as of 26 January 2022, Images by Brian Deegan. Geograph caption: meandering stream, Barlaston Downs. Bends, bars, muddy, messy."
ph-channel-04,channel/ph-channel-04.jpg,287672a2e0e126e46425955543ef5db7c661355f9e9827265d354fe805f3c8c9,https://commons.wikimedia.org/wiki/File:Bubikon_-_Giessenbach_IMG_5084.JPG,Roland zh,CC-BY-SA-3.0,,,commons-file-bubikon-giessenbach-img-5084-jpg,test,dug_out_channel,absent,,false,false,Giessenbach stream in Bubikon (Switzerland),"Wikimedia Commons file page https://commons.wikimedia.org/wiki/File:Bubikon_-_Giessenbach_IMG_5084.JPG. The page says: Giessenbach stream in Bubikon (Switzerland) Commons categories: Taken with Canon PowerShot S5 IS, Wetlands of Switzerland, Meanders, Self-published work, Switzerland photographs taken on 2010-03-29, Photographs by Roland Fischer, Giessenbach (Schwarz). Giessenbach, Bubikon: natural course with fallen wood and changing width."
ph-channel-05,channel/ph-channel-05.jpg,e6b1ecd373d896b5f41c7441abfd7761e3fcec513e5b7b395abf71f72fd17158,https://commons.wikimedia.org/wiki/File:Misteguay_Creek_Albee_Township_Michigan.jpg,Tim Kiser ( User:Malepheasant ),CC-BY-SA-3.0,,,commons-file-misteguay-creek-albee-township-mich,lesson,dug_out_channel,present,,false,false,"Misteguay Creek as viewed from the north side of a bridge on West Burt Road in Albee Township in Saginaw County, Michigan","Wikimedia Commons file page https://commons.wikimedia.org/wiki/File:Misteguay_Creek_Albee_Township_Michigan.jpg. The page says: Misteguay Creek as viewed from the north side of a bridge on West Burt Road in Albee Township in Saginaw County, Michigan Commons categories: Saginaw County, Michigan, Self-published work, Streams in Michigan, Summer in Michigan, July 2014 in Michigan, Views from bridges in Michigan, Files with coordinates missing SDC location of creation, United States photographs taken on 2014-07-24, Channelization, Photographs by Tim Kiser. Misteguay Creek, Commons category Channelization: straight trapezoid with even grass banks. Textbook case."
ph-channel-06,channel/ph-channel-06.jpg,3aee26c4fd6e8676dd06acb183d963bb5f4d9d77056854ce11885f601dabc696,https://commons.wikimedia.org/wiki/File:Aufsess-Maeander_Fraenkische-Schweiz.jpg,Ustill,CC-BY-SA-3.0,,,commons-file-aufsess-maeander-fraenkische-schwei,lesson,dug_out_channel,absent,,false,false,"Stream Aufseß between „Neuhaus (Aufseß)“ and the town Aufseß , „ Franconian Switzerland “ ( Franconian Alb ). There are several sections, where the stream me...","Wikimedia Commons file page https://commons.wikimedia.org/wiki/File:Aufsess-Maeander_Fraenkische-Schweiz.jpg. The page says: Stream Aufseß between „Neuhaus (Aufseß)“ and the town Aufseß , „ Franconian Switzerland “ ( Franconian Alb ). There are several sections, where the stream meanders peacefully in the flood plain’s sediments . The broad valley was formed in periglacial times. Commons categories: Karst topography in Germany, Fränkische Alb, Meanders, Aufseß (river), Aufseßtal, Nature of Aufseß, Files by User:Ustill from de.wikipedia. Aufsess meander, Commons category Meanders. Pairs with Misteguay Creek."
ph-channel-07,channel/ph-channel-07.jpg,931fd071b1a4a9db5b0145d9d4e56dde6865f42cf5d3f920bc454f8d6597c369,https://commons.wikimedia.org/wiki/File:Bachlauf_-_panoramio.jpg,Foto Fitti,CC-BY-SA-3.0,,,commons-file-bachlauf-panoramio-jpg,lesson,dug_out_channel,present,,false,false,"Begradigter Bachlauf, Herringer Bach in Hamm-Herringen","Wikimedia Commons file page https://commons.wikimedia.org/wiki/File:Bachlauf_-_panoramio.jpg. The page says: Begradigter Bachlauf, Herringer Bach in Hamm-Herringen Commons categories: Geography of Hamm, Hamm-Herringen, Panoramio files uploaded by Panoramio upload bot, Streams in North Rhine-Westphalia, Panoramio images reviewed by trusted users, Photos from Panoramio, Files with coordinates missing SDC location of creation (51° N, 7° E), Photos from Panoramio ID 1406749. Caption: Begradigter Bachlauf (straightened stream course), Herringer Bach."
ph-channel-08,channel/ph-channel-08.jpg,b206443e57c8c00138424df43ddda0ab8972c13ff7858a3f58dbadccfec2b566,https://commons.wikimedia.org/wiki/File:Hanshagen_Heith%C3%B6rn_M%C3%A4ander-Hansh%C3%A4ger-Bach_June-2010_SL274152.JPG,C. Löser,CC-BY-3.0,,,commons-file-hanshagen-heith-rn-m-ander-hansh-ge,lesson,dug_out_channel,absent,,false,false,"Mäander des Hanshäger Baches im Heithörn, Hanshagen","Wikimedia Commons file page https://commons.wikimedia.org/wiki/File:Hanshagen_Heith%C3%B6rn_M%C3%A4ander-Hansh%C3%A4ger-Bach_June-2010_SL274152.JPG. The page says: Mäander des Hanshäger Baches im Heithörn, Hanshagen Commons categories: Taken with Samsung L700, Meanders, Hanshäger Bach, Self-published work, Files with coordinates missing SDC location of creation, Files by User:C.Löser/Vorpommern. Caption: meander of the Hanshaeger Bach. Pairs with Herringer Bach."
ph-channel-09,channel/ph-channel-09.jpg,8aa194c9efd52351c717cb026db58e0a375392e70844cdd7d0f93ae56c5f436b,https://commons.wikimedia.org/wiki/File:Small_canalised_stream_at_Butler%27s_Hill_-_geograph.org.uk_-_5367766.jpg,David Lally,CC-BY-SA-2.0,,,commons-file-small-canalised-stream-at-butler-s-,practice,dug_out_channel,present,,false,false,Small canalised stream at Butler's Hill,"Wikimedia Commons file page https://commons.wikimedia.org/wiki/File:Small_canalised_stream_at_Butler%27s_Hill_-_geograph.org.uk_-_5367766.jpg. The page says: Small canalised stream at Butler's Hill Commons categories: Hucknall, Images from Geograph Britain and Ireland, Whyburn. Geograph caption: small canalised stream at Butler's Hill. Straight, narrow, even."
ph-plant-01,plant/ph-plant-01.jpg,0896ee61a4d64ddc4a9d36776f190f051b3431a0f445701a4beed8bb46c5fb68,https://www.inaturalist.org/observations/357744241,Cricket Raspet,CC-BY-4.0,2026-05-02,"Oakdale, CA, US",inat-357744241,test,invasive_plant,present,,false,false,"Identified as Rubus armeniacus (Armenian Blackberry), observed at Oakdale, CA, US","iNaturalist observation https://www.inaturalist.org/observations/357744241, research grade, community identification Rubus armeniacus (Armenian Blackberry), 1 agreeing identifications, observed 2026-05-02 at Oakdale, CA, US. On the Cal-IPC Inventory, rating High: https://www.cal-ipc.org/plants/profile/rubus-armeniacus-profile/. iNaturalist research grade: Rubus armeniacus, California. Pretty white flowers. Check Cal-IPC rating before launch."
ph-plant-02,plant/ph-plant-02.jpg,630a8b44c7b154b8ccb1accd2969d14ee829828457bbf5b56ea6baaab13de076,http://www.inaturalist.org/observations/16022,Barbara Banfield,CC-BY-4.0,2011-05-01,"Delaveaga Park, Santa Cruz, CA",inat-16022,test,invasive_plant,present,,false,false,"Identified as Vinca major (greater periwinkle), observed at Delaveaga Park, Santa Cruz, CA","iNaturalist observation http://www.inaturalist.org/observations/16022, research grade, community identification Vinca major (greater periwinkle), 3 agreeing identifications, observed 2011-05-01 at Delaveaga Park, Santa Cruz, CA. On the Cal-IPC Inventory, rating Moderate: https://www.cal-ipc.org/plants/profile/vinca-major-profile/. iNaturalist research grade: Vinca major, California. Pretty purple flower. Check Cal-IPC rating before launch."
ph-plant-03,plant/ph-plant-03.jpg,652b9ec03c653aa13ab862da7288fafaec8c0677aa12ae172093d92318d3e553,https://www.inaturalist.org/observations/147239144,Mark Pollock,CC-BY-4.0,2016-06-01,"Mount Shasta, CA, US",inat-147239144,test,invasive_plant,absent,,false,false,"Identified as Erythranthe guttata (seep monkeyflower), observed at Mt. Shasta City Park, Mount Shasta, CA, US","iNaturalist observation https://www.inaturalist.org/observations/147239144, research grade, community identification Erythranthe guttata (seep monkeyflower), 1 agreeing identifications, observed 2016-06-01 at Mt. Shasta City Park, Mount Shasta, CA, US. iNaturalist research grade: Erythranthe guttata (seep monkeyflower), native. Look-alike: showy yellow flowers."
ph-plant-04,plant/ph-plant-04.jpg,e4aed14f73b8f12492b4e2f2a580aef69275ae35f7171fa2e6d5dd7f2ed686fe,https://www.inaturalist.org/observations/6902524,Jesse Rorabaugh,CC0-1.0,2017-07-02,"Los Angeles County, CA, USA",inat-6902524,test,invasive_plant,absent,,false,false,"Identified as Alnus rhombifolia (white alder), observed at Los Angeles County, CA, USA","iNaturalist observation https://www.inaturalist.org/observations/6902524, research grade, community identification Alnus rhombifolia (white alder), 1 agreeing identifications, observed 2017-07-02 at Los Angeles County, CA, USA. iNaturalist research grade: Alnus rhombifolia (white alder), native. Scruffy streamside tree. The picks file note named Salix lasiolepis; the observation itself is Alnus rhombifolia."
ph-plant-05,plant/ph-plant-05.jpg,8fe828e3df9bc92c0047a0932998cce761543ea89f51c196c71474c1d6e53bf8,https://www.inaturalist.org/observations/172266217,Pinnacles National Park,CC-BY-4.0,2023-06-06,"San Benito County, CA, USA",inat-172266217,lesson,invasive_plant,present,,false,false,"Identified as Rubus armeniacus (Armenian Blackberry), observed at San Benito County, CA, USA","iNaturalist observation https://www.inaturalist.org/observations/172266217, research grade, community identification Rubus armeniacus (Armenian Blackberry), 3 agreeing identifications, observed 2023-06-06 at San Benito County, CA, USA. On the Cal-IPC Inventory, rating High: https://www.cal-ipc.org/plants/profile/rubus-armeniacus-profile/. iNaturalist research grade: Rubus armeniacus leaf, five large leaflets. First contrast pair."
ph-plant-06,plant/ph-plant-06.jpg,a0febf1d40f8990d18a4e83b6addfe816b14b805b3f03c412bf5f36a1165acf4,https://www.inaturalist.org/observations/54122965,Casey H. Richart,CC-BY-4.0,2020-07-17,"Lompoc, CA 93436, USA",inat-54122965,lesson,invasive_plant,absent,,false,false,"Identified as Rubus ursinus (trailing blackberry), observed at Lompoc, CA 93436, USA","iNaturalist observation https://www.inaturalist.org/observations/54122965, research grade, community identification Rubus ursinus (trailing blackberry), 1 agreeing identifications, observed 2020-07-17 at Lompoc, CA 93436, USA. iNaturalist research grade: Rubus ursinus (native blackberry) leaf, three leaflets. Pairs with the invasive blackberry."
ph-plant-07,plant/ph-plant-07.jpg,78123527bc54891f72434b17e5ae3d541f87aad6b5d31cf5702ab96e891c0085,https://www.inaturalist.org/observations/10979730,Anne Parsons,CC0-1.0,2018-04-15,"Sierra Azul Open Space Preserve, CA, US",inat-10979730,lesson,invasive_plant,present,,false,false,"Identified as Genista monspessulana (French broom), observed at Sierra Azul Open Space Preserve, CA, US","iNaturalist observation https://www.inaturalist.org/observations/10979730, research grade, community identification Genista monspessulana (French broom), 1 agreeing identifications, observed 2018-04-15 at Sierra Azul Open Space Preserve, CA, US. On the Cal-IPC Inventory, rating High: https://www.cal-ipc.org/plants/profile/genista-monspessulana-profile/. iNaturalist research grade: Genista monspessulana (French broom), showy yellow. Second contrast pair."
ph-plant-08,plant/ph-plant-08.jpg,41d4ae7fec18abda8e48aa72be1cc9e12201de438eb7f175776416c17b265ba9,https://www.inaturalist.org/observations/45072928,Keenan Pepper,CC-BY-4.0,2020-05-06,"Woodacre, CA, USA",inat-45072928,lesson,invasive_plant,absent,,false,false,"Identified as Erythranthe guttata (seep monkeyflower), observed at Woodacre, CA, USA","iNaturalist observation https://www.inaturalist.org/observations/45072928, research grade, community identification Erythranthe guttata (seep monkeyflower), 1 agreeing identifications, observed 2020-05-06 at Woodacre, CA, USA. iNaturalist research grade: Erythranthe guttata, native showy yellow. Pairs with French broom."
ph-plant-09,plant/ph-plant-09.jpg,c431d53a8cf24f5343931c47177ce2d5c366cd8d71b24ddaf33fa0b6a8cfec26,https://www.inaturalist.org/observations/21360781,Hydrocycler (Elizabeth Dougherty),CC-BY-4.0,2019-03-15,"Alameda, California, United States",inat-21360781,practice,invasive_plant,present,,false,false,"Identified as Hedera helix (common ivy), observed at Alameda, California, United States","iNaturalist observation https://www.inaturalist.org/observations/21360781, research grade, community identification Hedera helix (common ivy), 1 agreeing identifications, observed 2019-03-15 at Alameda, California, United States. On the Cal-IPC Inventory, rating High: https://www.cal-ipc.org/plants/profile/hedera-helix-profile/. iNaturalist research grade: Hedera helix ground cover."
ph-pipe-01,pipe/ph-pipe-01.jpg,0d9f8d4f0697ce6881927bfe6fb6492e53c6dd0b4b5d8de75b7b7bfcc10b43e4,https://commons.wikimedia.org/wiki/File:Stormwater_outfall_-_geograph.org.uk_-_3357106.jpg,Humphrey Bolton,CC-BY-SA-2.0,,,commons-file-stormwater-outfall-geograph-org-uk-,test,pipe_running,present,,false,false,Stormwater outfall,"Wikimedia Commons file page https://commons.wikimedia.org/wiki/File:Stormwater_outfall_-_geograph.org.uk_-_3357106.jpg. The page says: Stormwater outfall Commons categories: City of Leeds, Images from Geograph Britain and Ireland. Geograph caption: stormwater outfall. Concrete outfall with water running into a wooded stream."
ph-pipe-02,pipe/ph-pipe-02.jpg,f4106968447b78a49ccd6251889eeb56e8775a9a1f74635c0889619a883cf552,https://commons.wikimedia.org/wiki/File:Outfall_to_the_Leamonsley_Brook_-_geograph.org.uk_-_7436585.jpg,Stephen Craven,CC-BY-SA-2.0,,,commons-file-outfall-to-the-leamonsley-brook-geo,test,pipe_running,present,,false,false,Outfall to the Leamonsley Brook,"Wikimedia Commons file page https://commons.wikimedia.org/wiki/File:Outfall_to_the_Leamonsley_Brook_-_geograph.org.uk_-_7436585.jpg. The page says: Outfall to the Leamonsley Brook Commons categories: Lichfield, Images from Geograph Britain and Ireland. Geograph caption: outfall to the Leamonsley Brook. Small grilled pipe at the bank in a park. Easy to walk past."
ph-pipe-03,pipe/ph-pipe-03.jpg,890475b8aca22cbc50f6b9b2ef6840bec05515b210dedd79ab50adb08bffceaa,https://commons.wikimedia.org/wiki/File:Meandering_stream_at_Dunsfold_Ryse_-_geograph.org.uk_-_1920886.jpg,Dave Spicer,CC-BY-SA-2.0,,,commons-file-meandering-stream-at-dunsfold-ryse-,test,pipe_running,absent,,false,false,Meandering stream at Dunsfold Ryse,"Wikimedia Commons file page https://commons.wikimedia.org/wiki/File:Meandering_stream_at_Dunsfold_Ryse_-_geograph.org.uk_-_1920886.jpg. The page says: Meandering stream at Dunsfold Ryse Commons categories: Chiddingfold, Images from Geograph Britain and Ireland. Meandering stream at Dunsfold Ryse. No pipe or outfall in frame."
ph-pipe-04,pipe/ph-pipe-04.jpg,f5bbf05887ed5558db092caae979ede9b45bd2a7d7c6fbef84e5914c43a144da,"https://commons.wikimedia.org/wiki/File:Meandering_Stream,_Sunnyside_-_geograph.org.uk_-_1792048.jpg",Colin Smith,CC-BY-SA-2.0,,,commons-file-meandering-stream-sunnyside-geograp,test,pipe_running,absent,,false,false,"Meandering Stream, Sunnyside","Wikimedia Commons file page https://commons.wikimedia.org/wiki/File:Meandering_Stream,_Sunnyside_-_geograph.org.uk_-_1792048.jpg. The page says: Meandering Stream, Sunnyside Commons categories: East Grinstead, Images from Geograph Britain and Ireland. Meandering stream, Sunnyside. No pipe or outfall in frame."
ph-pipe-05,pipe/ph-pipe-05.jpg,add80ae715f3a75ea3c17f63524bb90da61f4c49b035da1baab80e6edbdf0d12,"https://commons.wikimedia.org/wiki/File:Lyme_Valley_Park,_outfall_on_Lyme_Brook_-_geograph.org.uk_-_4303882.jpg",Jonathan Hutchins,CC-BY-SA-2.0,,,commons-file-lyme-valley-park-outfall-on-lyme-br,lesson,pipe_running,present,,false,false,Lyme Valley Park: outfall on Lyme Brook,"Wikimedia Commons file page https://commons.wikimedia.org/wiki/File:Lyme_Valley_Park,_outfall_on_Lyme_Brook_-_geograph.org.uk_-_4303882.jpg. The page says: Lyme Valley Park: outfall on Lyme Brook Commons categories: Images from Geograph Britain and Ireland, Borough of Newcastle-under-Lyme, Lyme Brook. Geograph caption: outfall on Lyme Brook. Large, obvious outfall. First contrast pair."
ph-pipe-06,pipe/ph-pipe-06.jpg,811daf755627658338051fc30b80bbcb487c4dd0f6ba7991a84431e8c496deb3,"https://commons.wikimedia.org/wiki/File:Outfalls_to_the_stream,_Bierley_-_geograph.org.uk_-_6922217.jpg",Humphrey Bolton,CC-BY-SA-2.0,,,commons-file-outfalls-to-the-stream-bierley-geog,lesson,pipe_running,present,,false,false,"Outfalls to the stream, Bierley","Wikimedia Commons file page https://commons.wikimedia.org/wiki/File:Outfalls_to_the_stream,_Bierley_-_geograph.org.uk_-_6922217.jpg. The page says: Outfalls to the stream, Bierley Commons categories: Images from Geograph Britain and Ireland, Bierley Hall Wood. Geograph caption: outfalls to the stream, Bierley. Headwall half hidden in vegetation. Pairs with Lyme Brook: obvious beside hidden."
ph-pipe-09,pipe/ph-pipe-09.jpg,4a7a0b537024a78d563a6ca151c31b7f37ca2f5b445b6ca7bd1c216052aabcdc,https://commons.wikimedia.org/wiki/File:Outfall_into_Riffa_Beck_-_geograph.org.uk_-_8320157.jpg,Stephen Craven,CC-BY-SA-2.0,,,commons-file-outfall-into-riffa-beck-geograph-or,practice,pipe_running,present,,false,false,Outfall into Riffa Beck,"Wikimedia Commons file page https://commons.wikimedia.org/wiki/File:Outfall_into_Riffa_Beck_-_geograph.org.uk_-_8320157.jpg. The page says: Outfall into Riffa Beck Commons categories: Castley, Images from Geograph Britain and Ireland, Streams in North Yorkshire, Photographs by Stephen Craven, May 2026 in North Yorkshire, North Yorkshire photographs taken on 2026-05-15. Geograph caption: outfall into Riffa Beck. Small headwall on a grassy bank."
ph-warmup-03,warmup/ph-warmup-03.jpg,0b32db06be64fb385e7ca2737680830f2b2a742c02d8a8d96ae14a494b84d8cf,https://commons.wikimedia.org/wiki/File:Norman_Creek_as_concrete_channel.jpg,Gregwadley,CC-BY-SA-4.0,,,commons-file-norman-creek-as-concrete-channel-jp,warmup,,,,false,false,"Photograph of Norman Creek at Stones Corner, Brisbane, where it was transformed into a concrete channel in the 1930s","Wikimedia Commons file page https://commons.wikimedia.org/wiki/File:Norman_Creek_as_concrete_channel.jpg. The page says: Photograph of Norman Creek at Stones Corner, Brisbane, where it was transformed into a concrete channel in the 1930s Commons categories: Self-published work, Files with coordinates missing SDC location of creation, All media needing categories as of 2025, Media needing categories as of 20 September 2025. Caption: Norman Creek transformed into a concrete channel. Mown park, tidy. The damaged one."
ph-warmup-04,warmup/ph-warmup-04.jpg,fd3aeb65bc94dd6fdca49f8b5304b6b4823de564853cd618ed98ad8b59be7994,"https://commons.wikimedia.org/wiki/File:Nurton_Brook_meander_east_of_Pattingham,_Staffordshire_-_geograph.org.uk_-_6107365.jpg",Roger Kidd,CC-BY-SA-2.0,,,commons-file-nurton-brook-meander-east-of-pattin,warmup,,,,false,false,"Nurton Brook meander east of Pattingham, Staffordshire","Wikimedia Commons file page https://commons.wikimedia.org/wiki/File:Nurton_Brook_meander_east_of_Pattingham,_Staffordshire_-_geograph.org.uk_-_6107365.jpg. The page says: Nurton Brook meander east of Pattingham, Staffordshire Commons categories: Images from Geograph Britain and Ireland, Pattingham and Patshull. Geograph caption: Nurton Brook meander. Eroding outer bank, fallen wood, natural course, water visible. The more natural one."
ph-pipe-10,pipe/ph-pipe-10.jpg,1780cc0d226649c1c9a6cc90ff75521aa47a0a6c88b4c42771ef7f485415d481,https://commons.wikimedia.org/wiki/File:Karpacz_Poland_088_a.jpg,Krzysztof Popławski,CC-BY-SA-4.0,,,commons-file-karpacz-poland-088-a-jpg,lesson,pipe_running,absent,,false,false,"A forest section of Dziki Stream in Karpacz, Lower Silesian Voivodeship, Poland. The photograph shows a shallow, rocky stream with a natural streambed, flowi...","Wikimedia Commons file page https://commons.wikimedia.org/wiki/File:Karpacz_Poland_088_a.jpg. The page says: A forest section of Dziki Stream in Karpacz, Lower Silesian Voivodeship, Poland. The photograph shows a shallow, rocky stream with a natural streambed, flowing through shaded woodland. The water forms whitewater on a small drop and between boulders covered with dense moss cushions. The stream banks are occupied by clumps of grasses and sedge-like plants, herbaceous forest-floor vegetation, and ... Commons categories: Forests in Poland, Forest floors, Dziki Stream, Self-published work, Sunlight reflections from water, Bryophyta in Poland, Spring in Lower Silesian Voivodeship, Boulde..."
ph-pipe-11,pipe/ph-pipe-11.jpg,c6e99f9b6c38da6e5d99069c751e4304c498c50c43b9a28132eda5ca24cb4e79,https://commons.wikimedia.org/wiki/File:Le_Train_%C3%A0_Grez-Doiceau_005.jpg,VerboseDreamer,CC-BY-SA-3.0,,,commons-file-le-train-grez-doiceau-005-jpg,lesson,pipe_running,absent,,false,false,"Un méandre du Train à Grez-Doiceau, dans une portion de son parcours située entre la Rue du Stampia, la Ruelle des Foins, la Chaussée de Wavre et la N25. Le ...","Wikimedia Commons file page https://commons.wikimedia.org/wiki/File:Le_Train_%C3%A0_Grez-Doiceau_005.jpg. The page says: Un méandre du Train à Grez-Doiceau, dans une portion de son parcours située entre la Rue du Stampia, la Ruelle des Foins, la Chaussée de Wavre et la N25. Le fond de la rivière est haut à cet endroit. Des orties garnissent les rives. À gauche pousse un jeune saule. Commons categories: Meanders, Train (river), Self-published work, Unidentified Salix, Unidentified Urtica, Nature of Grez-Doiceau, Taken with Nokia C6-00. Update 11C: no pipe or outfall in frame."
