file,source_id,source_sha256,sha256,format,width,height,quality,bytes
derived/ph-warmup-03-1200.avif,ph-warmup-03,0b32db06be64fb385e7ca2737680830f2b2a742c02d8a8d96ae14a494b84d8cf,f1fd53fc48985ed37b48ccde95d37d57ae0f9a6ee255a13191cf1a7d326ee23f,avif,1200,810,60,191199
derived/ph-warmup-03-480.avif,ph-warmup-03,0b32db06be64fb385e7ca2737680830f2b2a742c02d8a8d96ae14a494b84d8cf,64482b6497ac40e1017c985014baded07e49416d6085b1ff70fe9c4fc4efc0e5,avif,480,324,60,29926
derived/ph-warmup-03-480.webp,ph-warmup-03,0b32db06be64fb385e7ca2737680830f2b2a742c02d8a8d96ae14a494b84d8cf,a436803e9af09dcb4864a1c60a78024b87efe1626733cb839db454a4971e9644,webp,480,324,75,33104
derived/ph-warmup-03-660.avif,ph-warmup-03,0b32db06be64fb385e7ca2737680830f2b2a742c02d8a8d96ae14a494b84d8cf,de79805a2f78ed3ddbd1901e9dacf99d33965b31de2b9cb01785464881ceabec,avif,660,446,60,59085
derived/ph-warmup-03-800.avif,ph-warmup-03,0b32db06be64fb385e7ca2737680830f2b2a742c02d8a8d96ae14a494b84d8cf,55dd04eb60262ffcff463615e9f26f10d6fd53b371c93546949a7fee70c8cdc6,avif,800,540,60,86681
derived/ph-warmup-03-800.webp,ph-warmup-03,0b32db06be64fb385e7ca2737680830f2b2a742c02d8a8d96ae14a494b84d8cf,9f93e0486e0f975e0132d3076a2cd5f9cd1e8d82c5f786d748f15c17fe488a31,webp,800,540,75,98194
derived/ph-warmup-04-1200.avif,ph-warmup-04,fd3aeb65bc94dd6fdca49f8b5304b6b4823de564853cd618ed98ad8b59be7994,9021d38445722a586e8fcb396376be29258c7d60d63b494a1e8b05fec0cd27e4,avif,1200,900,45,238745
derived/ph-warmup-04-480.avif,ph-warmup-04,fd3aeb65bc94dd6fdca49f8b5304b6b4823de564853cd618ed98ad8b59be7994,5a5a7f114225806fd758779ee998d92abbdbc5605bc8e5b9f917579696fd5f5d,avif,480,360,60,55713
derived/ph-warmup-04-480.webp,ph-warmup-04,fd3aeb65bc94dd6fdca49f8b5304b6b4823de564853cd618ed98ad8b59be7994,42e7db7b6d8817f5badf8fe45c882f990c2923cc52b910b015753a39f5d23f2c,webp,480,360,75,70660
derived/ph-warmup-04-660.avif,ph-warmup-04,fd3aeb65bc94dd6fdca49f8b5304b6b4823de564853cd618ed98ad8b59be7994,e021ccb6e8e4d960b77900ff14bf9439bee22fd20b54f5db5f689ae95297bb81,avif,660,495,60,110442
derived/ph-warmup-04-800.avif,ph-warmup-04,fd3aeb65bc94dd6fdca49f8b5304b6b4823de564853cd618ed98ad8b59be7994,370d9a8a0eb48822f5543cf77409ba59b92bcb39e38f4452b7d4b8ffa52bff80,avif,800,600,60,165419
derived/ph-warmup-04-800.webp,ph-warmup-04,fd3aeb65bc94dd6fdca49f8b5304b6b4823de564853cd618ed98ad8b59be7994,92ce1768f421388558e2244d75a5ce838b4b62b5c4f0a242c942e8534989ea0f,webp,800,600,75,204380
