kind,beat,title,source_page,file_url,author,licence,duration_s,use
video,pipes,FlorhamParkSewerageUtilityOutfall.webm,https://commons.wikimedia.org/wiki/File:FlorhamParkSewerageUtilityOutfall.webm,https://upload.wikimedia.org/wikipedia/commons/c/c9/FlorhamParkSewerageUtilityOutfall.webm?utm_source=commons.wikimedia.org&utm_campaign=imageinfo&utm_content=original,Z22,CC BY-SA 4.0,33,An outfall discharging into a river. Use for the pipe lesson and 'pipes worth testing'. Never call it sewage on screen.
video,global,Crows and Bagmati River.webm,https://commons.wikimedia.org/wiki/File:Crows_and_Bagmati_River.webm,https://upload.wikimedia.org/wikipedia/commons/7/7f/Crows_and_Bagmati_River.webm?utm_source=commons.wikimedia.org&utm_campaign=imageinfo&utm_content=original,Ashma Silwal,CC BY-SA 4.0,14,"An urban river with railings in Kathmandu, Nepal. Use in the closing 'any city' beat."
video,natural,"North Creek (Bothell, WA) 01.webm","https://commons.wikimedia.org/wiki/File:North_Creek_(Bothell,_WA)_01.webm",https://upload.wikimedia.org/wikipedia/commons/8/85/North_Creek_%28Bothell%2C_WA%29_01.webm?utm_source=commons.wikimedia.org&utm_campaign=imageinfo&utm_content=original,Joe Mabel,CC BY-SA 4.0,10,Woody debris in a restored creek. Use as the healthy side and in the closing beat.
video,action,Salmon River wood jam & side channel restoration project at Wildwood.webm,https://commons.wikimedia.org/wiki/File:Salmon_River_wood_jam_%26_side_channel_restoration_project_at_Wildwood.webm,https://upload.wikimedia.org/wikipedia/commons/d/d7/Salmon_River_wood_jam_%26_side_channel_restoration_project_at_Wildwood.webm?utm_source=commons.wikimedia.org&utm_campaign=imageinfo&utm_content=original,Bureau of Land Management Oregon and Washington,Public domain,72,Aerial of a wood jam and side channel restoration. Use for 'what the creek needs: reconnect the floodplain'.
video,natural,Vincent Creek (33841689304).webm,https://commons.wikimedia.org/wiki/File:Vincent_Creek_(33841689304).webm,https://upload.wikimedia.org/wikipedia/commons/1/11/Vincent_Creek_%2833841689304%29.webm?utm_source=commons.wikimedia.org&utm_campaign=imageinfo&utm_content=original,BLM Oregon & Washington,Public domain,11,A natural creek bend. Use in the lesson beat as the natural side.
video,problem,Sonoma Creek - January 5 2023 - Sarah Stierch.webm,https://commons.wikimedia.org/wiki/File:Sonoma_Creek_-_January_5_2023_-_Sarah_Stierch.webm,https://upload.wikimedia.org/wikipedia/commons/3/3e/Sonoma_Creek_-_January_5_2023_-_Sarah_Stierch.webm?utm_source=commons.wikimedia.org&utm_campaign=imageinfo&utm_content=original,Missvain,CC BY 4.0,9,A creek seen from a bike path. Use for 'people walk past creeks every day'.
photo,berkeley,StrawberryCreek10.JPG,https://commons.wikimedia.org/wiki/File:StrawberryCreek10.JPG,https://upload.wikimedia.org/wikipedia/commons/8/8e/StrawberryCreek10.JPG?utm_source=commons.wikimedia.org&utm_campaign=imageinfo&utm_content=original,Coro,CC BY-SA 3.0,,Strawberry Creek entering a culvert as it leaves UC Berkeley. Built banks and a culvert: use in the creek check beat.
photo,berkeley,StrawberryCreek12.JPG,https://commons.wikimedia.org/wiki/File:StrawberryCreek12.JPG,https://upload.wikimedia.org/wikipedia/commons/7/7b/StrawberryCreek12.JPG?utm_source=commons.wikimedia.org&utm_campaign=imageinfo&utm_content=original,Coro,CC BY-SA 3.0,,Strawberry Creek coming out of the culvert into Strawberry Creek Park. Use in the follower city beat.
photo,berkeley,StrawberryCreek3.JPG,https://commons.wikimedia.org/wiki/File:StrawberryCreek3.JPG,https://upload.wikimedia.org/wikipedia/commons/2/2a/StrawberryCreek3.JPG?utm_source=commons.wikimedia.org&utm_campaign=imageinfo&utm_content=original,Coro,CC BY-SA 3.0,,Strawberry Creek past Anthony Hall at UC Berkeley. Use as the opening shot.
photo,berkeley,StrawberryCreek6.JPG,https://commons.wikimedia.org/wiki/File:StrawberryCreek6.JPG,https://upload.wikimedia.org/wikipedia/commons/a/af/StrawberryCreek6.JPG?utm_source=commons.wikimedia.org&utm_campaign=imageinfo&utm_content=original,Coro,CC BY-SA 3.0,,Strawberry Creek dropping over a built step. Use for 'remove barriers'.
photo,berkeley,StrawberryCreek8.JPG,https://commons.wikimedia.org/wiki/File:StrawberryCreek8.JPG,https://upload.wikimedia.org/wikipedia/commons/b/b5/StrawberryCreek8.JPG?utm_source=commons.wikimedia.org&utm_campaign=imageinfo&utm_content=original,Coro,CC BY-SA 3.0,,Strawberry Creek under redwoods by Evans Diamond. Use in the follower city beat.
photo,gauge,StrawberryCreek9.JPG,https://commons.wikimedia.org/wiki/File:StrawberryCreek9.JPG,https://upload.wikimedia.org/wikipedia/commons/a/a4/StrawberryCreek9.JPG?utm_source=commons.wikimedia.org&utm_campaign=imageinfo&utm_content=original,Coro,CC BY-SA 3.0,,"A staff gauge in Strawberry Creek near the UC Berkeley entrance. Use when the score is introduced: surveyors measure the creek, this measures the observer."
photo,berkeley,Strawberry Creek Estuary Berkeley.jpg,https://commons.wikimedia.org/wiki/File:Strawberry_Creek_Estuary_Berkeley.jpg,https://upload.wikimedia.org/wikipedia/commons/d/d6/Strawberry_Creek_Estuary_Berkeley.jpg?utm_source=commons.wikimedia.org&utm_campaign=imageinfo&utm_content=original,Awinch1001,CC0,,The mouth of Strawberry Creek at San Francisco Bay. Use as the final shot.
